ID,Criticality,C_LOW,C_HIGH,Period,Deadline,AP,RP,Flag,U_LOW,U_HIGH,set_id,system_total_utilization,system_target_u_norm,system_cores
1,HIGH,2.3668764174179513,4.733752834835903,87,87,0.23668764174179513,0.23668764174179513,3,0.027205476062275302,0.054410952124550604,0,2.0,0.5,4
2,HIGH,0.9325178632041513,1.8650357264083026,31,31,0.09325178632041514,0.09325178632041514,4,0.0300812213936823,0.0601624427873646,0,2.0,0.5,4
3,HIGH,21.979936755459693,43.95987351091939,95,95,2.1979936755459692,2.1979936755459692,1,0.23136775532062834,0.4627355106412567,0,2.0,0.5,4
4,LOW,5.628823687695236,5.628823687695236,87,87,0.5628823687695237,0.5628823687695237,3,0.06469912284707169,0.06469912284707169,0,2.0,0.5,4
5,HIGH,1.7486210636242667,3.4972421272485334,76,76,0.1748621063624267,0.1748621063624267,2,0.023008171889792983,0.046016343779585966,0,2.0,0.5,4
6,LOW,10.29620619751204,10.29620619751204,71,71,1.0296206197512041,1.0296206197512041,3,0.1450169886973527,0.1450169886973527,0,2.0,0.5,4
7,HIGH,8.72462111160496,17.44924222320992,39,39,0.8724621111604961,0.8724621111604961,2,0.22370823363089642,0.44741646726179285,0,2.0,0.5,4
8,LOW,1.4505299432862166,1.4505299432862166,63,63,0.14505299432862168,0.14505299432862168,4,0.02302428481406693,0.02302428481406693,0,2.0,0.5,4
9,LOW,4.759301970025099,4.759301970025099,66,66,0.47593019700250994,0.47593019700250994,3,0.0721106359094712,0.0721106359094712,0,2.0,0.5,4
10,LOW,0.7887616157909392,0.7887616157909392,24,24,0.07887616157909393,0.07887616157909393,4,0.032865067324622466,0.032865067324622466,0,2.0,0.5,4
11,LOW,27.703778351315087,27.703778351315087,97,97,2.7703778351315087,2.7703778351315087,2,0.2856059623846916,0.2856059623846916,0,2.0,0.5,4
12,HIGH,4.057692962068227,8.115385924136454,32,32,0.4057692962068227,0.4057692962068227,4,0.1268029050646321,0.2536058101292642,0,2.0,0.5,4
13,LOW,3.4416406096000065,3.4416406096000065,19,19,0.3441640609600007,0.3441640609600007,4,0.1811389794526319,0.1811389794526319,0,2.0,0.5,4
14,HIGH,12.985315147342828,25.970630294685655,44,44,1.2985315147342829,1.2985315147342829,3,0.2951207988032461,0.5902415976064922,0,2.0,0.5,4
15,HIGH,2.0652363750078258,4.1304727500156515,52,52,0.2065236375007826,0.2065236375007826,3,0.03971608413476588,0.07943216826953176,0,2.0,0.5,4
16,LOW,6.551434304915678,6.551434304915678,33,33,0.6551434304915679,0.6551434304915679,2,0.19852831227017206,0.19852831227017206,0,2.0,0.5,4
1,HIGH,49.0,98,98,98,4.9,4.9,2,0.5,1.0,1,2.0,0.5,4
2,LOW,4.475999216200443,4.475999216200443,28,28,0.44759992162004436,0.44759992162004436,3,0.15985711486430154,0.15985711486430154,1,2.0,0.5,4
3,HIGH,3.4423258883806462,6.8846517767612925,46,46,0.3442325888380646,0.3442325888380646,1,0.07483317148653579,0.14966634297307158,1,2.0,0.5,4
4,LOW,1.8996364521656253,1.8996364521656253,93,93,0.18996364521656253,0.18996364521656253,4,0.020426198410383067,0.020426198410383067,1,2.0,0.5,4
5,LOW,0.7784250498295142,0.7784250498295142,38,38,0.07784250498295142,0.07784250498295142,3,0.020484869732355637,0.020484869732355637,1,2.0,0.5,4
6,LOW,1.5804236115714518,1.5804236115714518,36,36,0.1580423611571452,0.1580423611571452,3,0.04390065587698477,0.04390065587698477,1,2.0,0.5,4
7,HIGH,0.807639912481688,1.615279824963376,30,30,0.0807639912481688,0.0807639912481688,1,0.026921330416056266,0.05384266083211253,1,2.0,0.5,4
8,LOW,8.331379045963983,8.331379045963983,79,79,0.8331379045963984,0.8331379045963984,4,0.10546049425270865,0.10546049425270865,1,2.0,0.5,4
9,HIGH,9.102541762143973,18.205083524287947,95,95,0.9102541762143974,0.9102541762143974,3,0.09581622907519972,0.19163245815039945,1,2.0,0.5,4
10,LOW,2.1154181047927434,2.1154181047927434,80,80,0.21154181047927434,0.21154181047927434,1,0.026442726309909292,0.026442726309909292,1,2.0,0.5,4
11,HIGH,3.7039931285814562,7.4079862571629125,53,53,0.37039931285814565,0.37039931285814565,3,0.0698866628034237,0.1397733256068474,1,2.0,0.5,4
12,HIGH,0.16428118893361798,0.32856237786723597,96,96,0.0164281188933618,0.0164281188933618,2,0.0017112623847251873,0.0034225247694503746,1,2.0,0.5,4
13,HIGH,14.767683573594985,29.53536714718997,54,54,1.4767683573594985,1.4767683573594985,2,0.27347562173324047,0.5469512434664809,1,2.0,0.5,4
14,LOW,2.038624336161651,2.038624336161651,10,10,0.2038624336161651,0.2038624336161651,2,0.2038624336161651,0.2038624336161651,1,2.0,0.5,4
15,HIGH,5.0284377359359365,10.056875471871873,40,40,0.5028437735935937,0.5028437735935937,2,0.12571094339839842,0.25142188679679683,1,2.0,0.5,4
16,HIGH,4.281542792254262,8.563085584508524,20,20,0.42815427922542626,0.42815427922542626,1,0.2140771396127131,0.4281542792254262,1,2.0,0.5,4
1,LOW,1.0813466261085602,1.0813466261085602,35,35,0.10813466261085602,0.10813466261085602,3,0.030895617888816007,0.030895617888816007,2,2.0,0.5,4
2,LOW,2.1268277418457133,2.1268277418457133,71,71,0.21268277418457135,0.21268277418457135,1,0.029955320307686103,0.029955320307686103,2,2.0,0.5,4
3,LOW,15.820445358808088,15.820445358808088,42,42,1.5820445358808088,1.5820445358808088,1,0.37667727044781163,0.37667727044781163,2,2.0,0.5,4
4,LOW,0.9964222373529008,0.9964222373529008,100,100,0.09964222373529008,0.09964222373529008,1,0.009964222373529008,0.009964222373529008,2,2.0,0.5,4
5,HIGH,20.14347344593511,40.28694689187022,49,49,2.0143473445935114,2.0143473445935114,2,0.4110912948150023,0.8221825896300046,2,2.0,0.5,4
6,LOW,1.8831215445563023,1.8831215445563023,46,46,0.18831215445563024,0.18831215445563024,2,0.040937424881658746,0.040937424881658746,2,2.0,0.5,4
7,HIGH,1.1557037737924802,2.3114075475849605,55,55,0.11557037737924802,0.11557037737924802,2,0.021012795887136004,0.04202559177427201,2,2.0,0.5,4
8,HIGH,1.199604675856332,2.399209351712664,37,37,0.1199604675856332,0.1199604675856332,4,0.03242174799611708,0.06484349599223416,2,2.0,0.5,4
9,LOW,2.460947117461905,2.460947117461905,18,18,0.24609471174619052,0.24609471174619052,4,0.13671928430343916,0.13671928430343916,2,2.0,0.5,4
10,HIGH,3.8645836763757124,7.729167352751425,96,96,0.38645836763757124,0.38645836763757124,1,0.040256079962247004,0.08051215992449401,2,2.0,0.5,4
11,LOW,4.559238333886923,4.559238333886923,83,83,0.45592383338869236,0.45592383338869236,3,0.05493058233598703,0.05493058233598703,2,2.0,0.5,4
12,LOW,4.200271543510822,4.200271543510822,25,25,0.42002715435108223,0.42002715435108223,3,0.1680108617404329,0.1680108617404329,2,2.0,0.5,4
13,HIGH,11.96555666520995,23.9311133304199,26,26,1.196555666520995,1.196555666520995,1,0.4602137178926904,0.9204274357853808,2,2.0,0.5,4
14,LOW,5.149656497610914,5.149656497610914,78,78,0.5149656497610914,0.5149656497610914,2,0.06602123714885787,0.06602123714885787,2,2.0,0.5,4
15,LOW,3.3007702193457384,3.3007702193457384,71,71,0.3300770219345739,0.3300770219345739,4,0.04648972139923575,0.04648972139923575,2,2.0,0.5,4
16,HIGH,5.431405905212775,10.86281181042555,73,73,0.5431405905212775,0.5431405905212775,3,0.07440282061935308,0.14880564123870615,2,2.0,0.5,4
1,HIGH,11.71325711818174,23.42651423636348,58,58,1.1713257118181741,1.1713257118181741,3,0.20195270893416795,0.4039054178683359,3,2.0,0.5,4
2,HIGH,13.26650829133709,26.53301658267418,35,35,1.3266508291337091,1.3266508291337091,2,0.3790430940382026,0.7580861880764052,3,2.0,0.5,4
3,HIGH,2.469849987628964,4.939699975257928,26,26,0.2469849987628964,0.2469849987628964,2,0.09499423029342169,0.18998846058684338,3,2.0,0.5,4
4,LOW,1.4696727905356077,1.4696727905356077,24,24,0.14696727905356077,0.14696727905356077,3,0.06123636627231699,0.06123636627231699,3,2.0,0.5,4
5,HIGH,3.10288264509318,6.20576529018636,34,34,0.310288264509318,0.310288264509318,3,0.09126125426744647,0.18252250853489294,3,2.0,0.5,4
6,HIGH,0.6276306924091464,1.2552613848182927,51,51,0.06276306924091464,0.06276306924091464,2,0.012306484164885223,0.024612968329770446,3,2.0,0.5,4
7,HIGH,3.5933385364279395,7.186677072855879,87,87,0.35933385364279397,0.35933385364279397,3,0.04130274179802229,0.08260548359604458,3,2.0,0.5,4
8,HIGH,7.629268644957465,15.25853728991493,79,79,0.7629268644957465,0.7629268644957465,4,0.09657302082224639,0.19314604164449278,3,2.0,0.5,4
9,LOW,8.429510137909713,8.429510137909713,59,59,0.8429510137909713,0.8429510137909713,2,0.1428730531849104,0.1428730531849104,3,2.0,0.5,4
10,LOW,13.246116017894588,13.246116017894588,91,91,1.324611601789459,1.324611601789459,4,0.1455617144823581,0.1455617144823581,3,2.0,0.5,4
11,HIGH,0.26844849973630613,0.5368969994726123,69,69,0.026844849973630614,0.026844849973630614,2,0.0038905579671928425,0.007781115934385685,3,2.0,0.5,4
12,LOW,4.468108125641086,4.468108125641086,80,80,0.4468108125641086,0.4468108125641086,3,0.055851351570513574,0.055851351570513574,3,2.0,0.5,4
13,HIGH,6.244909338477436,12.489818676954872,18,18,0.6244909338477437,0.6244909338477437,3,0.34693940769319087,0.6938788153863817,3,2.0,0.5,4
14,LOW,8.04569555091074,8.04569555091074,100,100,0.804569555091074,0.804569555091074,3,0.08045695550910739,0.08045695550910739,3,2.0,0.5,4
15,HIGH,0.6687454309894894,1.3374908619789787,19,19,0.06687454309894894,0.06687454309894894,4,0.03519712794681523,0.07039425589363046,3,2.0,0.5,4
16,HIGH,5.474558207435252,10.949116414870504,26,26,0.5474558207435253,0.5474558207435253,1,0.21055993105520202,0.42111986211040403,3,2.0,0.5,4
1,HIGH,18.71947053160394,37.43894106320788,94,94,1.871947053160394,1.871947053160394,2,0.1991433035277015,0.398286607055403,4,2.0,0.5,4
2,HIGH,11.605134973659732,23.210269947319464,71,71,1.1605134973659732,1.1605134973659732,3,0.16345260526281313,0.32690521052562627,4,2.0,0.5,4
3,HIGH,5.8476977594695345,11.695395518939069,67,67,0.5847697759469535,0.5847697759469535,4,0.08727907103685872,0.17455814207371745,4,2.0,0.5,4
4,LOW,5.18531651925786,5.18531651925786,48,48,0.518531651925786,0.518531651925786,1,0.10802742748453875,0.10802742748453875,4,2.0,0.5,4
5,LOW,22.213691551280878,22.213691551280878,87,87,2.221369155128088,2.221369155128088,3,0.2553297879457572,0.2553297879457572,4,2.0,0.5,4
6,LOW,1.407473640865633,1.407473640865633,60,60,0.1407473640865633,0.1407473640865633,1,0.023457894014427216,0.023457894014427216,4,2.0,0.5,4
7,HIGH,0.09353313039778044,0.18706626079556088,40,40,0.009353313039778044,0.009353313039778044,2,0.002338328259944511,0.004676656519889022,4,2.0,0.5,4
8,HIGH,0.30361029591558286,0.6072205918311657,11,11,0.030361029591558286,0.030361029591558286,1,0.027600935992325715,0.05520187198465143,4,2.0,0.5,4
9,HIGH,4.567158508539006,9.134317017078011,36,36,0.4567158508539006,0.4567158508539006,1,0.1268655141260835,0.253731028252167,4,2.0,0.5,4
10,HIGH,3.784612039302906,7.569224078605812,58,58,0.3784612039302906,0.3784612039302906,2,0.06525193171211907,0.13050386342423814,4,2.0,0.5,4
11,HIGH,1.040405346847622,2.080810693695244,36,36,0.10404053468476221,0.10404053468476221,2,0.028900148523545055,0.05780029704709011,4,2.0,0.5,4
12,HIGH,5.768146698008073,11.536293396016147,24,24,0.5768146698008073,0.5768146698008073,1,0.2403394457503364,0.4806788915006728,4,2.0,0.5,4
13,LOW,8.12478822875755,8.12478822875755,63,63,0.8124788228757551,0.8124788228757551,4,0.12896489251996113,0.12896489251996113,4,2.0,0.5,4
14,LOW,14.317345122883072,14.317345122883072,84,84,1.4317345122883074,1.4317345122883074,3,0.17044458479622704,0.17044458479622704,4,2.0,0.5,4
15,LOW,11.732722170540178,11.732722170540178,64,64,1.173272217054018,1.173272217054018,2,0.18332378391469029,0.18332378391469029,4,2.0,0.5,4
16,HIGH,15.899548991144346,31.799097982288693,84,84,1.5899548991144348,1.5899548991144348,1,0.18928034513267078,0.37856069026534156,4,2.0,0.5,4
1,HIGH,7.760492530784715,15.52098506156943,30,30,0.7760492530784715,0.7760492530784715,3,0.2586830843594905,0.517366168718981,5,2.4,0.6,4
2,HIGH,9.735269919506193,19.470539839012385,82,82,0.9735269919506193,0.9735269919506193,2,0.11872280389641698,0.23744560779283397,5,2.4,0.6,4
3,LOW,4.0485826399425,4.0485826399425,61,61,0.40485826399424996,0.40485826399424996,3,0.06637020721217213,0.06637020721217213,5,2.4,0.6,4
4,LOW,6.203328417222421,6.203328417222421,27,27,0.6203328417222421,0.6203328417222421,2,0.22975290434157114,0.22975290434157114,5,2.4,0.6,4
5,HIGH,7.796268732215251,15.592537464430501,79,79,0.7796268732215251,0.7796268732215251,3,0.09868694597740824,0.19737389195481647,5,2.4,0.6,4
6,HIGH,5.331926588537064,10.663853177074127,82,82,0.5331926588537064,0.5331926588537064,4,0.06502349498215931,0.13004698996431863,5,2.4,0.6,4
7,LOW,23.938534233222775,23.938534233222775,67,67,2.3938534233222777,2.3938534233222777,4,0.3572915557197429,0.3572915557197429,5,2.4,0.6,4
8,LOW,5.775179574304918,5.775179574304918,88,88,0.5775179574304918,0.5775179574304918,1,0.06562704061710134,0.06562704061710134,5,2.4,0.6,4
9,LOW,1.059421085861075,1.059421085861075,96,96,0.10594210858610752,0.10594210858610752,2,0.011035636311052865,0.011035636311052865,5,2.4,0.6,4
10,LOW,3.1941945596842793,3.1941945596842793,12,12,0.31941945596842797,0.31941945596842797,2,0.26618287997368995,0.26618287997368995,5,2.4,0.6,4
11,HIGH,17.689135265068142,35.378270530136284,94,94,1.7689135265068143,1.7689135265068143,4,0.1881822900539164,0.3763645801078328,5,2.4,0.6,4
12,HIGH,23.992960742198395,47.98592148439679,99,99,2.3992960742198397,2.3992960742198397,3,0.2423531388100848,0.4847062776201696,5,2.4,0.6,4
13,LOW,26.271031976462645,26.271031976462645,93,93,2.6271031976462647,2.6271031976462647,2,0.2824842148006736,0.2824842148006736,5,2.4,0.6,4
14,LOW,1.7285298737153862,1.7285298737153862,72,72,0.17285298737153865,0.17285298737153865,3,0.024007359357158142,0.024007359357158142,5,2.4,0.6,4
15,LOW,6.594949310390592,6.594949310390592,64,64,0.6594949310390592,0.6594949310390592,4,0.103046082974853,0.103046082974853,5,2.4,0.6,4
16,HIGH,2.1197338975758093,4.239467795151619,94,94,0.21197338975758095,0.21197338975758095,4,0.02255036061250861,0.04510072122501722,5,2.4,0.6,4
1,HIGH,7.5602681227515,15.120536245503,98,98,0.7560268122751501,0.7560268122751501,1,0.07714559308930102,0.15429118617860205,6,2.4,0.6,4
2,LOW,28.50141085404779,28.50141085404779,80,80,2.850141085404779,2.850141085404779,1,0.3562676356755974,0.3562676356755974,6,2.4,0.6,4
3,HIGH,8.781199863491793,17.562399726983585,83,83,0.8781199863491793,0.8781199863491793,3,0.10579758871676859,0.21159517743353717,6,2.4,0.6,4
4,LOW,5.560511591926284,5.560511591926284,88,88,0.5560511591926284,0.5560511591926284,2,0.06318763172643505,0.06318763172643505,6,2.4,0.6,4
5,HIGH,8.359831189939245,16.71966237987849,31,31,0.8359831189939245,0.8359831189939245,3,0.2696719738690079,0.5393439477380157,6,2.4,0.6,4
6,HIGH,1.3167774759737134,2.633554951947427,42,42,0.13167774759737136,0.13167774759737136,1,0.031351844666040796,0.06270368933208159,6,2.4,0.6,4
7,HIGH,10.45291476280331,20.90582952560662,55,55,1.0452914762803311,1.0452914762803311,2,0.19005299568733292,0.38010599137466583,6,2.4,0.6,4
8,HIGH,1.9339417742864347,3.8678835485728693,17,17,0.19339417742864348,0.19339417742864348,2,0.11376128084037851,0.22752256168075702,6,2.4,0.6,4
9,LOW,3.4885619476720104,3.4885619476720104,98,98,0.3488561947672011,0.3488561947672011,3,0.03559757089461235,0.03559757089461235,6,2.4,0.6,4
10,HIGH,0.17198148205540553,0.34396296411081106,50,50,0.017198148205540553,0.017198148205540553,4,0.0034396296411081106,0.006879259282216221,6,2.4,0.6,4
11,LOW,0.6842694685569508,0.6842694685569508,27,27,0.06842694685569509,0.06842694685569509,1,0.025343313650257437,0.025343313650257437,6,2.4,0.6,4
12,LOW,3.5922356155964508,3.5922356155964508,10,10,0.3592235615596451,0.3592235615596451,4,0.3592235615596451,0.3592235615596451,6,2.4,0.6,4
13,HIGH,5.89029392273275,11.7805878454655,28,28,0.5890293922732751,0.5890293922732751,2,0.21036764009759823,0.42073528019519646,6,2.4,0.6,4
14,HIGH,0.16225981657214994,0.3245196331442999,23,23,0.016225981657214995,0.016225981657214995,4,0.0070547746335717365,0.014109549267143473,6,2.4,0.6,4
15,HIGH,9.239106378397686,18.478212756795372,62,62,0.9239106378397687,0.9239106378397687,2,0.1490178448128659,0.2980356896257318,6,2.4,0.6,4
16,LOW,24.968585467247696,24.968585467247696,62,62,2.49685854672477,2.49685854672477,4,0.40271912043947894,0.40271912043947894,6,2.4,0.6,4
1,HIGH,12.714101577526993,25.428203155053986,100,100,1.2714101577526993,1.2714101577526993,3,0.12714101577526993,0.25428203155053986,7,2.4,0.6,4
2,LOW,3.6153115558148485,3.6153115558148485,80,80,0.36153115558148485,0.36153115558148485,2,0.04519139444768561,0.04519139444768561,7,2.4,0.6,4
3,LOW,0.8583987229232091,0.8583987229232091,37,37,0.08583987229232092,0.08583987229232092,2,0.023199965484411056,0.023199965484411056,7,2.4,0.6,4
4,LOW,7.201037617745158,7.201037617745158,64,64,0.7201037617745158,0.7201037617745158,2,0.11251621277726809,0.11251621277726809,7,2.4,0.6,4
5,LOW,13.731286621144067,13.731286621144067,31,31,1.3731286621144068,1.3731286621144068,3,0.44294472971432475,0.44294472971432475,7,2.4,0.6,4
6,LOW,15.712472032853654,15.712472032853654,84,84,1.5712472032853655,1.5712472032853655,1,0.18705323848635302,0.18705323848635302,7,2.4,0.6,4
7,LOW,4.033677541288069,4.033677541288069,30,30,0.403367754128807,0.403367754128807,1,0.13445591804293563,0.13445591804293563,7,2.4,0.6,4
8,HIGH,9.576940926280617,19.153881852561234,20,20,0.9576940926280617,0.9576940926280617,3,0.47884704631403086,0.9576940926280617,7,2.4,0.6,4
9,HIGH,1.073791724967527,2.147583449935054,42,42,0.10737917249675272,0.10737917249675272,4,0.025566469642083978,0.051132939284167955,7,2.4,0.6,4
10,HIGH,3.6939651348822884,7.387930269764577,52,52,0.3693965134882289,0.3693965134882289,3,0.07103779105542862,0.14207558211085725,7,2.4,0.6,4
11,LOW,5.117209765926349,5.117209765926349,62,62,0.5117209765926349,0.5117209765926349,1,0.08253564138590885,0.08253564138590885,7,2.4,0.6,4
12,HIGH,25.928380132803316,51.85676026560663,62,62,2.592838013280332,2.592838013280332,4,0.4181996795613438,0.8363993591226876,7,2.4,0.6,4
13,LOW,1.4489600092232746,1.4489600092232746,44,44,0.14489600092232746,0.14489600092232746,1,0.03293090930052897,0.03293090930052897,7,2.4,0.6,4
14,LOW,10.634322697892436,10.634322697892436,96,96,1.0634322697892438,1.0634322697892438,2,0.11077419476971288,0.11077419476971288,7,2.4,0.6,4
15,LOW,1.31918520209545,1.31918520209545,88,88,0.131918520209545,0.131918520209545,3,0.01499074093290284,0.01499074093290284,7,2.4,0.6,4
16,LOW,7.872279446333936,7.872279446333936,85,85,0.7872279446333936,0.7872279446333936,1,0.09261505230981101,0.09261505230981101,7,2.4,0.6,4
1,LOW,4.640696200155665,4.640696200155665,43,43,0.4640696200155665,0.4640696200155665,4,0.10792316744548057,0.10792316744548057,8,2.4,0.6,4
2,LOW,9.019841810915128,9.019841810915128,37,37,0.9019841810915129,0.9019841810915129,3,0.24377950840311158,0.24377950840311158,8,2.4,0.6,4
3,HIGH,1.4124349263822156,2.824869852764431,43,43,0.14124349263822156,0.14124349263822156,1,0.03284732386935385,0.0656946477387077,8,2.4,0.6,4
4,LOW,0.5888868556833238,0.5888868556833238,50,50,0.05888868556833238,0.05888868556833238,1,0.011777737113666475,0.011777737113666475,8,2.4,0.6,4
5,HIGH,13.759009828350862,27.518019656701725,30,30,1.3759009828350863,1.3759009828350863,4,0.4586336609450287,0.9172673218900574,8,2.4,0.6,4
6,LOW,6.357856517148955,6.357856517148955,57,57,0.6357856517148955,0.6357856517148955,2,0.11154134240612201,0.11154134240612201,8,2.4,0.6,4
7,HIGH,3.8848419693459477,7.769683938691895,42,42,0.3884841969345948,0.3884841969345948,1,0.09249623736537971,0.18499247473075942,8,2.4,0.6,4
8,HIGH,15.036821162339496,30.073642324678993,44,44,1.5036821162339498,1.5036821162339498,2,0.3417459355077158,0.6834918710154316,8,2.4,0.6,4
9,HIGH,10.228939478110323,20.457878956220647,41,41,1.0228939478110324,1.0228939478110324,3,0.24948632873439813,0.49897265746879627,8,2.4,0.6,4
10,HIGH,0.7274069162892833,1.4548138325785667,26,26,0.07274069162892834,0.07274069162892834,3,0.02797718908804936,0.05595437817609872,8,2.4,0.6,4
11,HIGH,10.367409500471926,20.73481900094385,42,42,1.0367409500471927,1.0367409500471927,1,0.24684308334456967,0.49368616668913934,8,2.4,0.6,4
12,LOW,1.904772838724905,1.904772838724905,16,16,0.19047728387249052,0.19047728387249052,1,0.11904830242030656,0.11904830242030656,8,2.4,0.6,4
13,LOW,23.692466186862127,23.692466186862127,99,99,2.369246618686213,2.369246618686213,2,0.23931784027133463,0.23931784027133463,8,2.4,0.6,4
14,HIGH,1.4333707323268432,2.8667414646536864,33,33,0.14333707323268433,0.14333707323268433,2,0.04343547673717707,0.08687095347435414,8,2.4,0.6,4
15,LOW,0.10648484135769562,0.10648484135769562,65,65,0.010648484135769562,0.010648484135769562,3,0.0016382283285799326,0.0016382283285799326,8,2.4,0.6,4
16,HIGH,4.576552833262449,9.153105666524898,64,64,0.4576552833262449,0.4576552833262449,2,0.07150863801972576,0.14301727603945152,8,2.4,0.6,4
1,LOW,2.0022873888131665,2.0022873888131665,30,30,0.20022873888131665,0.20022873888131665,4,0.06674291296043888,0.06674291296043888,9,2.4,0.6,4
2,LOW,27.536943720616165,27.536943720616165,69,69,2.7536943720616165,2.7536943720616165,2,0.39908614087849514,0.39908614087849514,9,2.4,0.6,4
3,HIGH,1.663765742289272,3.327531484578544,23,23,0.1663765742289272,0.1663765742289272,1,0.07233764096909878,0.14467528193819756,9,2.4,0.6,4
4,HIGH,14.988365031513759,29.976730063027517,70,70,1.498836503151376,1.498836503151376,2,0.21411950045019656,0.42823900090039313,9,2.4,0.6,4
5,LOW,19.104141963449806,19.104141963449806,100,100,1.9104141963449806,1.9104141963449806,1,0.19104141963449806,0.19104141963449806,9,2.4,0.6,4
6,LOW,1.9542408678224321,1.9542408678224321,57,57,0.1954240867822432,0.1954240867822432,3,0.034284927505656704,0.034284927505656704,9,2.4,0.6,4
7,HIGH,1.5805451172759417,3.1610902345518834,92,92,0.1580545117275942,0.1580545117275942,1,0.017179838231260236,0.03435967646252047,9,2.4,0.6,4
8,LOW,2.7605058848823165,2.7605058848823165,19,19,0.27605058848823166,0.27605058848823166,3,0.14528978341485876,0.14528978341485876,9,2.4,0.6,4
9,HIGH,29.959558793953086,59.91911758790617,92,92,2.995955879395309,2.995955879395309,1,0.3256473781951422,0.6512947563902844,9,2.4,0.6,4
10,LOW,1.9328767152202002,1.9328767152202002,93,93,0.19328767152202003,0.19328767152202003,1,0.020783620593765595,0.020783620593765595,9,2.4,0.6,4
11,LOW,3.4569208046194717,3.4569208046194717,11,11,0.3456920804619472,0.3456920804619472,1,0.31426552769267924,0.31426552769267924,9,2.4,0.6,4
12,HIGH,2.9801004539391536,5.960200907878307,25,25,0.29801004539391535,0.29801004539391535,1,0.11920401815756615,0.2384080363151323,9,2.4,0.6,4
13,LOW,32.134540411441,32.134540411441,100,100,3.2134540411441,3.2134540411441,4,0.32134540411441004,0.32134540411441004,9,2.4,0.6,4
14,LOW,1.8808176740230886,1.8808176740230886,20,20,0.18808176740230886,0.18808176740230886,1,0.09404088370115443,0.09404088370115443,9,2.4,0.6,4
15,LOW,1.3282771406476208,1.3282771406476208,43,43,0.1328277140647621,0.1328277140647621,4,0.030890166061572577,0.030890166061572577,9,2.4,0.6,4
16,LOW,1.8894868965955687,1.8894868965955687,56,56,0.18894868965955688,0.18894868965955688,2,0.033740837439206584,0.033740837439206584,9,2.4,0.6,4
1,HIGH,4.503315671126417,9.006631342252835,51,51,0.4503315671126418,0.4503315671126418,3,0.08830030727698858,0.17660061455397716,10,2.8,0.7,4
2,HIGH,0.08064253591290171,0.16128507182580343,51,51,0.008064253591290172,0.008064253591290172,1,0.0015812261943706218,0.0031624523887412437,10,2.8,0.7,4
3,LOW,1.8872375814903792,1.8872375814903792,22,22,0.18872375814903794,0.18872375814903794,4,0.08578352643138087,0.08578352643138087,10,2.8,0.7,4
4,HIGH,3.8022751059541404,7.604550211908281,10,10,0.38022751059541404,0.38022751059541404,4,0.38022751059541404,0.7604550211908281,10,2.8,0.7,4
5,HIGH,29.0,58,58,58,2.9000000000000004,2.9000000000000004,4,0.5,1.0,10,2.8,0.7,4
6,HIGH,3.427196801004779,6.854393602009558,26,26,0.34271968010047793,0.34271968010047793,1,0.13181526157710688,0.26363052315421376,10,2.8,0.7,4
7,LOW,3.3451815069962376,3.3451815069962376,26,26,0.33451815069962376,0.33451815069962376,3,0.12866082719216299,0.12866082719216299,10,2.8,0.7,4
8,LOW,0.16648435877516476,0.16648435877516476,13,13,0.016648435877516476,0.016648435877516476,4,0.012806489136551136,0.012806489136551136,10,2.8,0.7,4
9,HIGH,8.133037396745967,16.266074793491935,91,91,0.8133037396745968,0.8133037396745968,3,0.08937403732687876,0.17874807465375753,10,2.8,0.7,4
10,LOW,4.044012657911337,4.044012657911337,99,99,0.4044012657911338,0.4044012657911338,2,0.040848612706175125,0.040848612706175125,10,2.8,0.7,4
11,LOW,0.6195792144905021,0.6195792144905021,30,30,0.06195792144905021,0.06195792144905021,2,0.020652640483016738,0.020652640483016738,10,2.8,0.7,4
12,HIGH,9.929593201454102,19.859186402908204,61,61,0.9929593201454102,0.9929593201454102,3,0.16278021641728035,0.3255604328345607,10,2.8,0.7,4
13,LOW,12.847164582099746,12.847164582099746,95,95,1.2847164582099746,1.2847164582099746,2,0.13523331139052364,0.13523331139052364,10,2.8,0.7,4
14,HIGH,26.5,53,53,53,2.6500000000000004,2.6500000000000004,4,0.5,1.0,10,2.8,0.7,4
15,HIGH,8.373231705685246,16.74646341137049,82,82,0.8373231705685247,0.8373231705685247,3,0.10211258177664934,0.20422516355329867,10,2.8,0.7,4
16,HIGH,10.025450748249757,20.050901496499513,97,97,1.0025450748249758,1.0025450748249758,2,0.10335516235309028,0.20671032470618056,10,2.8,0.7,4
1,HIGH,19.02318677355619,38.04637354711238,58,58,1.902318677355619,1.902318677355619,4,0.3279859788544171,0.6559719577088342,11,2.8,0.7,4
2,HIGH,7.070957617874871,14.141915235749742,45,45,0.7070957617874871,0.7070957617874871,4,0.15713239150833047,0.31426478301666094,11,2.8,0.7,4
3,HIGH,5.801893455136806,11.603786910273612,40,40,0.5801893455136806,0.5801893455136806,4,0.14504733637842016,0.2900946727568403,11,2.8,0.7,4
4,HIGH,5.5709734777590185,11.141946955518037,62,62,0.5570973477759019,0.5570973477759019,3,0.08985441093159707,0.17970882186319415,11,2.8,0.7,4
5,HIGH,8.52197501511159,17.04395003022318,70,70,0.852197501511159,0.852197501511159,1,0.12174250021587985,0.2434850004317597,11,2.8,0.7,4
6,LOW,3.6788483163958587,3.6788483163958587,57,57,0.3678848316395859,0.3678848316395859,2,0.06454119853326068,0.06454119853326068,11,2.8,0.7,4
7,HIGH,44.92577126818396,89.85154253636792,95,95,4.492577126818396,4.492577126818396,2,0.47290285545456795,0.9458057109091359,11,2.8,0.7,4
8,HIGH,0.6594375146981373,1.3188750293962745,27,27,0.06594375146981372,0.06594375146981372,3,0.024423611655486566,0.04884722331097313,11,2.8,0.7,4
9,HIGH,22.744299302997433,45.488598605994866,69,69,2.2744299302997435,2.2744299302997435,3,0.3296275261303976,0.6592550522607952,11,2.8,0.7,4
10,HIGH,7.243131198392547,14.486262396785094,44,44,0.7243131198392547,0.7243131198392547,1,0.16461661814528517,0.32923323629057033,11,2.8,0.7,4
11,HIGH,6.462395780854191,12.924791561708382,81,81,0.6462395780854191,0.6462395780854191,1,0.07978266396116285,0.1595653279223257,11,2.8,0.7,4
12,HIGH,26.95573229360272,53.91146458720544,67,67,2.695573229360272,2.695573229360272,3,0.40232436259108534,0.8046487251821707,11,2.8,0.7,4
13,LOW,24.736924064064144,24.736924064064144,97,97,2.4736924064064145,2.4736924064064145,1,0.2550198357120015,0.2550198357120015,11,2.8,0.7,4
14,HIGH,1.943650268703653,3.887300537407306,27,27,0.1943650268703653,0.1943650268703653,3,0.07198704698902418,0.14397409397804836,11,2.8,0.7,4
15,LOW,2.172096942669729,2.172096942669729,42,42,0.21720969426697292,0.21720969426697292,3,0.05171659387308879,0.05171659387308879,11,2.8,0.7,4
16,HIGH,0.5781309669239243,1.1562619338478486,14,14,0.05781309669239243,0.05781309669239243,1,0.041295069065994595,0.08259013813198919,11,2.8,0.7,4
1,HIGH,9.958264286750714,19.916528573501427,63,63,0.9958264286750714,0.9958264286750714,3,0.15806768709128116,0.3161353741825623,12,2.8,0.7,4
2,LOW,3.400906180043704,3.400906180043704,33,33,0.3400906180043704,0.3400906180043704,1,0.10305776303162739,0.10305776303162739,12,2.8,0.7,4
3,LOW,7.230551020780087,7.230551020780087,36,36,0.7230551020780087,0.7230551020780087,4,0.20084863946611353,0.20084863946611353,12,2.8,0.7,4
4,LOW,9.967892954675762,9.967892954675762,98,98,0.9967892954675762,0.9967892954675762,4,0.10171319341505879,0.10171319341505879,12,2.8,0.7,4
5,HIGH,2.6986054466807556,5.397210893361511,51,51,0.2698605446680756,0.2698605446680756,2,0.052913832287857954,0.10582766457571591,12,2.8,0.7,4
6,LOW,6.462768881312648,6.462768881312648,95,95,0.6462768881312648,0.6462768881312648,2,0.06802914611908051,0.06802914611908051,12,2.8,0.7,4
7,LOW,23.107857924337356,23.107857924337356,92,92,2.3107857924337356,2.3107857924337356,4,0.25117236874279736,0.25117236874279736,12,2.8,0.7,4
8,LOW,4.193855847712075,4.193855847712075,75,75,0.4193855847712075,0.4193855847712075,2,0.05591807796949433,0.05591807796949433,12,2.8,0.7,4
9,LOW,1.0805692958830249,1.0805692958830249,70,70,0.10805692958830249,0.10805692958830249,4,0.015436704226900355,0.015436704226900355,12,2.8,0.7,4
10,HIGH,41.0,82,82,82,4.1000000000000005,4.1000000000000005,3,0.5,1.0,12,2.8,0.7,4
11,HIGH,0.3880567228609324,0.7761134457218648,19,19,0.038805672286093246,0.038805672286093246,4,0.02042403804531223,0.04084807609062446,12,2.8,0.7,4
12,LOW,0.8737039833392612,0.8737039833392612,43,43,0.08737039833392612,0.08737039833392612,4,0.020318697286959564,0.020318697286959564,12,2.8,0.7,4
13,HIGH,21.552513896262404,43.10502779252481,64,64,2.1552513896262404,2.1552513896262404,2,0.33675802962910006,0.6735160592582001,12,2.8,0.7,4
14,HIGH,3.7347828799219744,7.469565759843949,24,24,0.37347828799219746,0.37347828799219746,4,0.15561595333008227,0.31123190666016454,12,2.8,0.7,4
15,HIGH,4.20160265630731,8.40320531261462,39,39,0.42016026563073106,0.42016026563073106,2,0.10773340144377719,0.21546680288755438,12,2.8,0.7,4
16,HIGH,31.0,62,62,62,3.1,3.1,1,0.5,1.0,12,2.8,0.7,4
1,HIGH,0.687625856115265,1.37525171223053,39,39,0.06876258561152651,0.06876258561152651,3,0.01763143220808372,0.03526286441616744,13,2.8,0.7,4
2,HIGH,20.143007787955014,40.28601557591003,80,80,2.0143007787955014,2.0143007787955014,2,0.2517875973494377,0.5035751946988754,13,2.8,0.7,4
3,HIGH,0.25403286404762415,0.5080657280952483,10,10,0.025403286404762415,0.025403286404762415,1,0.025403286404762415,0.05080657280952483,13,2.8,0.7,4
4,LOW,4.662073465307731,4.662073465307731,43,43,0.46620734653077317,0.46620734653077317,4,0.10842031314669143,0.10842031314669143,13,2.8,0.7,4
5,LOW,6.933030582615749,6.933030582615749,19,19,0.6933030582615749,0.6933030582615749,1,0.3648963464534605,0.3648963464534605,13,2.8,0.7,4
6,LOW,3.17204753764698,3.17204753764698,23,23,0.31720475376469803,0.31720475376469803,4,0.1379151103324774,0.1379151103324774,13,2.8,0.7,4
7,LOW,8.948735604134628,8.948735604134628,50,50,0.8948735604134628,0.8948735604134628,2,0.17897471208269256,0.17897471208269256,13,2.8,0.7,4
8,HIGH,5.1805056770265425,10.361011354053085,39,39,0.5180505677026542,0.5180505677026542,3,0.13283347889811647,0.26566695779623295,13,2.8,0.7,4
9,LOW,2.3569358269363727,2.3569358269363727,81,81,0.23569358269363727,0.23569358269363727,3,0.029097973172053985,0.029097973172053985,13,2.8,0.7,4
10,LOW,10.647811803037701,10.647811803037701,76,76,1.0647811803037701,1.0647811803037701,4,0.140102786882075,0.140102786882075,13,2.8,0.7,4
11,LOW,4.591359614105472,4.591359614105472,19,19,0.45913596141054724,0.45913596141054724,1,0.24165050600555116,0.24165050600555116,13,2.8,0.7,4
12,HIGH,8.656757578554448,17.313515157108895,41,41,0.8656757578554448,0.8656757578554448,2,0.21114042874523042,0.42228085749046085,13,2.8,0.7,4
13,LOW,1.672006295117531,1.672006295117531,33,33,0.1672006295117531,0.1672006295117531,4,0.05066685742780397,0.05066685742780397,13,2.8,0.7,4
14,LOW,69.62388671696179,69.62388671696179,88,88,6.962388671696179,6.962388671696179,4,0.7911805308745659,0.7911805308745659,13,2.8,0.7,4
15,HIGH,7.797594357108796,15.595188714217592,79,79,0.7797594357108797,0.7797594357108797,1,0.09870372603935185,0.1974074520787037,13,2.8,0.7,4
16,HIGH,0.9209609569493423,1.8419219138986846,47,47,0.09209609569493424,0.09209609569493424,1,0.01959491397764558,0.03918982795529116,13,2.8,0.7,4
1,LOW,13.57991021629464,13.57991021629464,38,38,1.3579910216294642,1.3579910216294642,1,0.3573660583235432,0.3573660583235432,14,2.8,0.7,4
2,HIGH,2.3502778311530728,4.7005556623061455,97,97,0.23502778311530728,0.23502778311530728,3,0.024229668362402812,0.048459336724805624,14,2.8,0.7,4
3,LOW,2.5417381512626616,2.5417381512626616,57,57,0.2541738151262662,0.2541738151262662,4,0.04459189739057301,0.04459189739057301,14,2.8,0.7,4
4,LOW,2.860006427670257,2.860006427670257,16,16,0.2860006427670257,0.2860006427670257,4,0.17875040172939105,0.17875040172939105,14,2.8,0.7,4
5,HIGH,9.851883609551837,19.703767219103675,58,58,0.9851883609551838,0.9851883609551838,4,0.16986006223365238,0.33972012446730476,14,2.8,0.7,4
6,HIGH,24.675652463620157,49.351304927240314,86,86,2.4675652463620157,2.4675652463620157,4,0.2869261914374437,0.5738523828748874,14,2.8,0.7,4
7,HIGH,26.049936229049898,52.099872458099796,66,66,2.60499362290499,2.60499362290499,3,0.39469600347045297,0.7893920069409059,14,2.8,0.7,4
8,HIGH,5.923581927853753,11.847163855707507,37,37,0.5923581927853754,0.5923581927853754,2,0.16009680886091227,0.32019361772182453,14,2.8,0.7,4
9,LOW,8.209164616122031,8.209164616122031,84,84,0.8209164616122031,0.8209164616122031,4,0.09772815019192894,0.09772815019192894,14,2.8,0.7,4
10,LOW,1.0531556307372227,1.0531556307372227,19,19,0.10531556307372228,0.10531556307372228,2,0.05542924372301172,0.05542924372301172,14,2.8,0.7,4
11,HIGH,4.29738295110189,8.59476590220378,29,29,0.4297382951101891,0.4297382951101891,4,0.14818561900351346,0.2963712380070269,14,2.8,0.7,4
12,HIGH,9.71316275533476,19.42632551066952,32,32,0.9713162755334761,0.9713162755334761,2,0.30353633610421127,0.6070726722084225,14,2.8,0.7,4
13,LOW,3.447074151071461,3.447074151071461,100,100,0.3447074151071461,0.3447074151071461,1,0.03447074151071461,0.03447074151071461,14,2.8,0.7,4
14,HIGH,15.590928247320894,31.18185649464179,65,65,1.5590928247320894,1.5590928247320894,1,0.2398604345741676,0.4797208691483352,14,2.8,0.7,4
15,LOW,5.392169375058381,5.392169375058381,50,50,0.5392169375058381,0.5392169375058381,2,0.10784338750116762,0.10784338750116762,14,2.8,0.7,4
16,LOW,6.875014845401965,6.875014845401965,35,35,0.6875014845401966,0.6875014845401966,2,0.19642899558291327,0.19642899558291327,14,2.8,0.7,4
1,HIGH,9.839830593134021,19.679661186268042,65,65,0.9839830593134021,0.9839830593134021,4,0.15138200912513877,0.30276401825027754,15,3.2,0.8,4
2,LOW,6.809611633438507,6.809611633438507,61,61,0.6809611633438508,0.6809611633438508,2,0.11163297759735258,0.11163297759735258,15,3.2,0.8,4
3,HIGH,23.306797330132152,46.613594660264305,71,71,2.3306797330132154,2.3306797330132154,1,0.32826475112862186,0.6565295022572437,15,3.2,0.8,4
4,LOW,6.4240772155840205,6.4240772155840205,83,83,0.6424077215584021,0.6424077215584021,3,0.077398520669687,0.077398520669687,15,3.2,0.8,4
5,LOW,10.531292076983553,10.531292076983553,47,47,1.0531292076983554,1.0531292076983554,4,0.2240700441911394,0.2240700441911394,15,3.2,0.8,4
6,HIGH,2.885894864141066,5.771789728282132,11,11,0.28858948641410664,0.28858948641410664,2,0.26235407855827875,0.5247081571165575,15,3.2,0.8,4
7,HIGH,2.201619369528909,4.403238739057818,30,30,0.22016193695289088,0.22016193695289088,3,0.0733873123176303,0.1467746246352606,15,3.2,0.8,4
8,HIGH,0.9979611763813274,1.9959223527626548,16,16,0.09979611763813274,0.09979611763813274,1,0.062372573523832964,0.12474514704766593,15,3.2,0.8,4
9,LOW,4.897608045044643,4.897608045044643,92,92,0.4897608045044643,0.4897608045044643,4,0.05323487005483307,0.05323487005483307,15,3.2,0.8,4
10,HIGH,7.0,14,14,14,0.7000000000000001,0.7000000000000001,2,0.5,1.0,15,3.2,0.8,4
11,HIGH,2.631369163701236,5.262738327402472,100,100,0.2631369163701236,0.2631369163701236,4,0.02631369163701236,0.05262738327402472,15,3.2,0.8,4
12,HIGH,40.65394373880818,81.30788747761636,93,93,4.065394373880818,4.065394373880818,3,0.43713917998718477,0.8742783599743695,15,3.2,0.8,4
13,HIGH,33.630592162891006,67.26118432578201,97,97,3.3630592162891007,3.3630592162891007,1,0.3467071356999073,0.6934142713998146,15,3.2,0.8,4
14,HIGH,13.294474760468683,26.588949520937366,78,78,1.3294474760468684,1.3294474760468684,2,0.17044198410857286,0.3408839682171457,15,3.2,0.8,4
15,HIGH,9.626678882191255,19.25335776438251,80,80,0.9626678882191255,0.9626678882191255,2,0.12033348602739069,0.24066697205478138,15,3.2,0.8,4
16,LOW,6.989920428196424,6.989920428196424,40,40,0.6989920428196424,0.6989920428196424,1,0.17474801070491058,0.17474801070491058,15,3.2,0.8,4
1,HIGH,2.4437065501173643,4.8874131002347285,23,23,0.24437065501173644,0.24437065501173644,1,0.10624811087466801,0.21249622174933602,16,3.2,0.8,4
2,LOW,1.8510326126151746,1.8510326126151746,52,52,0.18510326126151747,0.18510326126151747,3,0.03559678101183028,0.03559678101183028,16,3.2,0.8,4
3,HIGH,17.76216137534027,35.52432275068054,95,95,1.776216137534027,1.776216137534027,3,0.1869701197404239,0.3739402394808478,16,3.2,0.8,4
4,LOW,13.715591164170363,13.715591164170363,56,56,1.3715591164170364,1.3715591164170364,3,0.24492127078875647,0.24492127078875647,16,3.2,0.8,4
5,LOW,1.427574226488177,1.427574226488177,19,19,0.14275742264881772,0.14275742264881772,2,0.0751354856046409,0.0751354856046409,16,3.2,0.8,4
6,LOW,4.54997003969496,4.54997003969496,31,31,0.45499700396949605,0.45499700396949605,4,0.14677322708693422,0.14677322708693422,16,3.2,0.8,4
7,HIGH,26.5,53,53,53,2.6500000000000004,2.6500000000000004,1,0.5,1.0,16,3.2,0.8,4
8,LOW,7.715136245950228,7.715136245950228,88,88,0.7715136245950229,0.7715136245950229,4,0.08767200279488896,0.08767200279488896,16,3.2,0.8,4
9,HIGH,3.7859882873039314,7.571976574607863,76,76,0.3785988287303932,0.3785988287303932,2,0.049815635359262256,0.09963127071852451,16,3.2,0.8,4
10,LOW,31.300138527832864,31.300138527832864,88,88,3.1300138527832866,3.1300138527832866,4,0.35568339236173707,0.35568339236173707,16,3.2,0.8,4
11,LOW,2.6656472712058417,2.6656472712058417,64,64,0.26656472712058416,0.26656472712058416,1,0.041650738612591276,0.041650738612591276,16,3.2,0.8,4
12,HIGH,15.1602222675162,30.3204445350324,60,60,1.5160222267516201,1.5160222267516201,4,0.25267037112527,0.50534074225054,16,3.2,0.8,4
13,HIGH,2.3403043604079268,4.6806087208158536,12,12,0.23403043604079268,0.23403043604079268,4,0.19502536336732723,0.39005072673465446,16,3.2,0.8,4
14,LOW,18.985987933469364,18.985987933469364,99,99,1.8985987933469364,1.8985987933469364,2,0.19177765589362994,0.19177765589362994,16,3.2,0.8,4
15,HIGH,35.74960295984849,71.49920591969698,78,78,3.574960295984849,3.574960295984849,3,0.4583282430749806,0.9166564861499612,16,3.2,0.8,4
16,HIGH,1.8500752323152998,3.7001504646305996,23,23,0.18500752323153,0.18500752323153,2,0.08043805357892608,0.16087610715785217,16,3.2,0.8,4
1,HIGH,0.0920908611538005,0.184181722307601,22,22,0.00920908611538005,0.00920908611538005,3,0.004185948234263659,0.008371896468527318,17,3.2,0.8,4
2,LOW,58.324491008257596,58.324491008257596,94,94,5.83244910082576,5.83244910082576,4,0.620473308598485,0.620473308598485,17,3.2,0.8,4
3,HIGH,1.8252139287933606,3.6504278575867213,47,47,0.18252139287933608,0.18252139287933608,2,0.038834338910497035,0.07766867782099407,17,3.2,0.8,4
4,LOW,2.1371543332034015,2.1371543332034015,15,15,0.21371543332034015,0.21371543332034015,3,0.14247695554689344,0.14247695554689344,17,3.2,0.8,4
5,LOW,11.049229241328739,11.049229241328739,34,34,1.104922924132874,1.104922924132874,3,0.3249773306273158,0.3249773306273158,17,3.2,0.8,4
6,HIGH,1.2537274764344417,2.5074549528688834,28,28,0.12537274764344417,0.12537274764344417,4,0.04477598130123006,0.08955196260246012,17,3.2,0.8,4
7,LOW,8.463927874518504,8.463927874518504,34,34,0.8463927874518504,0.8463927874518504,2,0.24893905513289716,0.24893905513289716,17,3.2,0.8,4
8,HIGH,5.045946743320634,10.091893486641268,89,89,0.5045946743320634,0.5045946743320634,4,0.05669603082382735,0.1133920616476547,17,3.2,0.8,4
9,HIGH,0.2223008891317102,0.4446017782634204,20,20,0.02223008891317102,0.02223008891317102,3,0.01111504445658551,0.02223008891317102,17,3.2,0.8,4
10,HIGH,5.189752346686216,10.379504693372432,16,16,0.5189752346686216,0.5189752346686216,1,0.3243595216678885,0.648719043335777,17,3.2,0.8,4
11,LOW,3.252579270751845,3.252579270751845,32,32,0.3252579270751845,0.3252579270751845,1,0.10164310221099515,0.10164310221099515,17,3.2,0.8,4
12,HIGH,14.223666991463553,28.447333982927105,92,92,1.4223666991463553,1.4223666991463553,1,0.15460507599416906,0.3092101519883381,17,3.2,0.8,4
13,HIGH,33.0,66,66,66,3.3000000000000003,3.3000000000000003,3,0.5,1.0,17,3.2,0.8,4
14,LOW,13.402556799513349,13.402556799513349,96,96,1.340255679951335,1.340255679951335,3,0.1396099666615974,0.1396099666615974,17,3.2,0.8,4
15,LOW,9.126446127846043,9.126446127846043,66,66,0.9126446127846043,0.9126446127846043,4,0.1382794867855461,0.1382794867855461,17,3.2,0.8,4
16,LOW,0.8509666620968479,0.8509666620968479,21,21,0.0850966662096848,0.0850966662096848,4,0.04052222200461181,0.04052222200461181,17,3.2,0.8,4
1,LOW,8.83739381676413,8.83739381676413,28,28,0.8837393816764131,0.8837393816764131,4,0.3156212077415761,0.3156212077415761,18,3.2,0.8,4
2,LOW,1.3039953607735129,1.3039953607735129,56,56,0.1303995360773513,0.1303995360773513,3,0.023285631442384158,0.023285631442384158,18,3.2,0.8,4
3,LOW,10.305250001918706,10.305250001918706,44,44,1.0305250001918707,1.0305250001918707,1,0.23421022731633423,0.23421022731633423,18,3.2,0.8,4
4,HIGH,8.130992814536697,16.261985629073394,22,22,0.8130992814536697,0.8130992814536697,2,0.3695905824789408,0.7391811649578816,18,3.2,0.8,4
5,HIGH,9.5,19,19,19,0.9500000000000001,0.9500000000000001,4,0.5,1.0,18,3.2,0.8,4
6,LOW,0.023404533170783726,0.023404533170783726,49,49,0.002340453317078373,0.002340453317078373,3,0.00047764353409762705,0.00047764353409762705,18,3.2,0.8,4
7,LOW,12.834905635673364,12.834905635673364,44,44,1.2834905635673364,1.2834905635673364,3,0.29170240081075827,0.29170240081075827,18,3.2,0.8,4
8,LOW,29.31698141744573,29.31698141744573,61,61,2.9316981417445733,2.9316981417445733,4,0.480606252745012,0.480606252745012,18,3.2,0.8,4
9,LOW,5.706330778786586,5.706330778786586,57,57,0.5706330778786586,0.5706330778786586,3,0.1001110662945015,0.1001110662945015,18,3.2,0.8,4
10,HIGH,2.150655149778443,4.301310299556886,61,61,0.21506551497784432,0.21506551497784432,4,0.035256641799646604,0.07051328359929321,18,3.2,0.8,4
11,LOW,3.8879584876002227,3.8879584876002227,80,80,0.38879584876002227,0.38879584876002227,3,0.04859948109500278,0.04859948109500278,18,3.2,0.8,4
12,HIGH,3.359981295461913,6.719962590923826,15,15,0.33599812954619135,0.33599812954619135,3,0.2239987530307942,0.4479975060615884,18,3.2,0.8,4
13,HIGH,0.9126704070180608,1.8253408140361216,15,15,0.09126704070180608,0.09126704070180608,1,0.06084469380120405,0.1216893876024081,18,3.2,0.8,4
14,HIGH,7.802342286984635,15.60468457396927,56,56,0.7802342286984635,0.7802342286984635,3,0.13932754083901133,0.27865508167802266,18,3.2,0.8,4
15,HIGH,2.734275610679081,5.468551221358162,12,12,0.2734275610679081,0.2734275610679081,4,0.2278563008899234,0.4557126017798468,18,3.2,0.8,4
16,HIGH,0.6836393284080649,1.3672786568161297,14,14,0.06836393284080648,0.06836393284080648,1,0.04883138060057606,0.09766276120115212,18,3.2,0.8,4
1,HIGH,11.299443291676214,22.598886583352428,85,85,1.1299443291676214,1.1299443291676214,4,0.13293462696089664,0.2658692539217933,19,3.2,0.8,4
2,HIGH,2.062057249401567,4.124114498803134,91,91,0.20620572494015674,0.20620572494015674,4,0.022659969773643596,0.04531993954728719,19,3.2,0.8,4
3,LOW,7.912972816652186,7.912972816652186,24,24,0.7912972816652186,0.7912972816652186,2,0.3297072006938411,0.3297072006938411,19,3.2,0.8,4
4,HIGH,2.6789389129718044,5.357877825943609,11,11,0.26789389129718044,0.26789389129718044,3,0.24353990117925495,0.4870798023585099,19,3.2,0.8,4
5,HIGH,13.461548855673316,26.92309771134663,94,94,1.3461548855673318,1.3461548855673318,1,0.14320796654971613,0.28641593309943225,19,3.2,0.8,4
6,HIGH,11.095957739258555,22.19191547851711,58,58,1.1095957739258555,1.1095957739258555,1,0.19130961619411302,0.38261923238822604,19,3.2,0.8,4
7,HIGH,15.55479677052086,31.10959354104172,45,45,1.555479677052086,1.555479677052086,3,0.3456621504560191,0.6913243009120382,19,3.2,0.8,4
8,LOW,4.579494329306769,4.579494329306769,32,32,0.4579494329306769,0.4579494329306769,3,0.14310919779083653,0.14310919779083653,19,3.2,0.8,4
9,HIGH,12.902896122307201,25.805792244614402,47,47,1.2902896122307201,1.2902896122307201,4,0.2745297047299404,0.5490594094598809,19,3.2,0.8,4
10,LOW,3.4298341176871667,3.4298341176871667,17,17,0.3429834117687167,0.3429834117687167,3,0.2017549480992451,0.2017549480992451,19,3.2,0.8,4
11,HIGH,23.03147118703476,46.06294237406952,99,99,2.303147118703476,2.303147118703476,4,0.23264112310136123,0.46528224620272246,19,3.2,0.8,4
12,HIGH,41.0,82,82,82,4.1000000000000005,4.1000000000000005,3,0.5,1.0,19,3.2,0.8,4
13,HIGH,7.20635043367089,14.41270086734178,56,56,0.7206350433670891,0.7206350433670891,1,0.12868482917269447,0.25736965834538894,19,3.2,0.8,4
14,LOW,9.286303833573402,9.286303833573402,78,78,0.9286303833573403,0.9286303833573403,4,0.11905517735350515,0.11905517735350515,19,3.2,0.8,4
15,HIGH,12.974042679984075,25.94808535996815,89,89,1.2974042679984077,1.2974042679984077,4,0.14577576044925927,0.29155152089851855,19,3.2,0.8,4
16,HIGH,1.5699393559588493,3.1398787119176985,89,89,0.15699393559588493,0.15699393559588493,1,0.017639768044481453,0.03527953608896291,19,3.2,0.8,4
